rank,plot_label,configuration_id,algorithm,training_episodes,parameters,seeds,mean_reward,reward_ci_95_lower,reward_ci_95_upper,win_rate,training_seconds
1,P14,double_dqn_011,double_dqn,1000000,"epsilon=1.0->0.01 linear (100%), gamma=1.0, batch_size=64, decks=6, gradient_clip=10.0, hidden_size=128, learning_rate=0.001, learning_starts=1000, replay_capacity=100000, target_update_interval=1000, train_frequency=4",5,-0.049292,-0.052341317834270484,-0.04624268216572952,0.428334,546.0028533672
2,P08,double_dqn_018,double_dqn,500000,"epsilon=1.0->0.05 linear (80%), gamma=1.0, batch_size=64, decks=6, gradient_clip=10.0, hidden_size=128, learning_rate=0.001, learning_starts=1000, replay_capacity=100000, target_update_interval=1000, train_frequency=4",5,-0.049386,-0.05169247616801041,-0.047079523831989586,0.429216,271.86790322319956
3,P04,double_dqn_015,double_dqn,1000000,"epsilon=1.0->0.05 linear (50%), gamma=1.0, batch_size=64, decks=6, gradient_clip=10.0, hidden_size=128, learning_rate=0.001, learning_starts=1000, replay_capacity=100000, target_update_interval=1000, train_frequency=4",5,-0.049634,-0.05227977930931512,-0.046988220690684875,0.428832,572.079790533
4,P06,double_dqn_006,double_dqn,500000,"epsilon=1.0->0.01 linear (80%), gamma=1.0, batch_size=64, decks=6, gradient_clip=10.0, hidden_size=128, learning_rate=0.001, learning_starts=1000, replay_capacity=100000, target_update_interval=1000, train_frequency=4",5,-0.049712,-0.050578253481609166,-0.04884574651839083,0.42816,274.90296129639995
5,P12,double_dqn_050,double_dqn,500000,"epsilon=1.0->0.05 linear (80%), gamma=1.0, batch_size=64, decks=6, gradient_clip=10.0, hidden_size=64, learning_rate=0.001, learning_starts=1000, replay_capacity=100000, target_update_interval=1000, train_frequency=4",5,-0.05031,-0.05185161195636256,-0.048768388043637444,0.428286,220.07798898120055
6,P12,double_dqn_051,double_dqn,1000000,"epsilon=1.0->0.05 linear (80%), gamma=1.0, batch_size=64, decks=6, gradient_clip=10.0, hidden_size=64, learning_rate=0.001, learning_starts=1000, replay_capacity=100000, target_update_interval=1000, train_frequency=4",5,-0.05046,-0.05347408236649233,-0.04744591763350767,0.429348,445.00600100780065
7,P11,double_dqn_039,double_dqn,1000000,"epsilon=1.0->0.05 linear (80%), gamma=1.0, batch_size=64, decks=6, gradient_clip=10.0, hidden_size=64, learning_rate=0.0003, learning_starts=1000, replay_capacity=100000, target_update_interval=1000, train_frequency=4",5,-0.050624,-0.05313940324751321,-0.04810859675248679,0.428642,429.81548459919975
8,P03,double_dqn_003,double_dqn,1000000,"epsilon=1.0->0.01 linear (50%), gamma=1.0, batch_size=64, decks=6, gradient_clip=10.0, hidden_size=128, learning_rate=0.001, learning_starts=1000, replay_capacity=100000, target_update_interval=1000, train_frequency=4",5,-0.050862,-0.05491753034243365,-0.046806469657566345,0.427696,577.8236150254
9,P16,double_dqn_034,double_dqn,500000,"epsilon=1.0->0.1 linear (100%), gamma=1.0, batch_size=64, decks=6, gradient_clip=10.0, hidden_size=128, learning_rate=0.001, learning_starts=1000, replay_capacity=100000, target_update_interval=1000, train_frequency=4",5,-0.050915999999999996,-0.05336533037248958,-0.04846666962751041,0.427422,272.2653411372001
10,P08,double_dqn_019,double_dqn,1000000,"epsilon=1.0->0.05 linear (80%), gamma=1.0, batch_size=64, decks=6, gradient_clip=10.0, hidden_size=128, learning_rate=0.001, learning_starts=1000, replay_capacity=100000, target_update_interval=1000, train_frequency=4",5,-0.050977999999999996,-0.05638217674529618,-0.04557382325470381,0.427852,559.9929112899997
11,P01,double_dqn_060,double_dqn,100000,"epsilon=1.0->0.05 linear (80%), gamma=1.0, batch_size=128, decks=6, gradient_clip=10.0, hidden_size=128, learning_rate=0.0003, learning_starts=1000, replay_capacity=100000, target_update_interval=1000, train_frequency=4",5,-0.051726,-0.05578144129998204,-0.04767055870001796,0.427226,70.7305227765988
12,P15,double_dqn_020,double_dqn,100000,"epsilon=1.0->0.05 linear (100%), gamma=1.0, batch_size=64, decks=6, gradient_clip=10.0, hidden_size=128, learning_rate=0.001, learning_starts=1000, replay_capacity=100000, target_update_interval=1000, train_frequency=4",5,-0.051770000000000004,-0.05634236116333782,-0.047197638836662184,0.427708,48.35708506779993
13,P10,double_dqn_052,double_dqn,100000,"epsilon=1.0->0.05 linear (80%), gamma=1.0, batch_size=64, decks=6, gradient_clip=10.0, hidden_size=256, learning_rate=0.001, learning_starts=1000, replay_capacity=100000, target_update_interval=1000, train_frequency=4",5,-0.0519,-0.05350666210511109,-0.05029333789488891,0.427702,78.18518595520072
14,P09,double_dqn_044,double_dqn,100000,"epsilon=1.0->0.05 linear (80%), gamma=1.0, batch_size=64, decks=6, gradient_clip=10.0, hidden_size=256, learning_rate=0.0003, learning_starts=1000, replay_capacity=100000, target_update_interval=1000, train_frequency=4",5,-0.051994,-0.055134594059982917,-0.04885340594001708,0.42692,70.27987027280032
15,P07,double_dqn_042,double_dqn,500000,"epsilon=1.0->0.05 linear (80%), gamma=1.0, batch_size=64, decks=6, gradient_clip=10.0, hidden_size=128, learning_rate=0.0003, learning_starts=1000, replay_capacity=100000, target_update_interval=1000, train_frequency=4",5,-0.052056,-0.05479313561403157,-0.04931886438596843,0.427014,255.21894860419962
16,P10,double_dqn_054,double_dqn,500000,"epsilon=1.0->0.05 linear (80%), gamma=1.0, batch_size=64, decks=6, gradient_clip=10.0, hidden_size=256, learning_rate=0.001, learning_starts=1000, replay_capacity=100000, target_update_interval=1000, train_frequency=4",5,-0.05208,-0.05685290787507993,-0.04730709212492007,0.42686,488.5260749787987
17,P15,double_dqn_023,double_dqn,1000000,"epsilon=1.0->0.05 linear (100%), gamma=1.0, batch_size=64, decks=6, gradient_clip=10.0, hidden_size=128, learning_rate=0.001, learning_starts=1000, replay_capacity=100000, target_update_interval=1000, train_frequency=4",5,-0.052126,-0.056254630088734034,-0.047997369911265964,0.42728,549.5304703419995
18,P03,double_dqn_002,double_dqn,500000,"epsilon=1.0->0.01 linear (50%), gamma=1.0, batch_size=64, decks=6, gradient_clip=10.0, hidden_size=128, learning_rate=0.001, learning_starts=1000, replay_capacity=100000, target_update_interval=1000, train_frequency=4",5,-0.052142,-0.056183477225767824,-0.04810052277423218,0.42739,289.571253169
19,P15,double_dqn_022,double_dqn,500000,"epsilon=1.0->0.05 linear (100%), gamma=1.0, batch_size=64, decks=6, gradient_clip=10.0, hidden_size=128, learning_rate=0.001, learning_starts=1000, replay_capacity=100000, target_update_interval=1000, train_frequency=4",5,-0.05225,-0.05866754105557572,-0.045832458944424274,0.427162,276.1440069810002
20,P11,double_dqn_038,double_dqn,500000,"epsilon=1.0->0.05 linear (80%), gamma=1.0, batch_size=64, decks=6, gradient_clip=10.0, hidden_size=64, learning_rate=0.0003, learning_starts=1000, replay_capacity=100000, target_update_interval=1000, train_frequency=4",5,-0.052324,-0.05699978365727073,-0.047648216342729276,0.42615200000000003,213.32390086120031
21,P16,double_dqn_032,double_dqn,100000,"epsilon=1.0->0.1 linear (100%), gamma=1.0, batch_size=64, decks=6, gradient_clip=10.0, hidden_size=128, learning_rate=0.001, learning_starts=1000, replay_capacity=100000, target_update_interval=1000, train_frequency=4",5,-0.052396,-0.05754159767195221,-0.04725040232804779,0.42686999999999997,51.21445341399995
22,P06,double_dqn_005,double_dqn,200000,"epsilon=1.0->0.01 linear (80%), gamma=1.0, batch_size=64, decks=6, gradient_clip=10.0, hidden_size=128, learning_rate=0.001, learning_starts=1000, replay_capacity=100000, target_update_interval=1000, train_frequency=4",5,-0.052478000000000004,-0.05610951241528926,-0.048846487584710746,0.427082,104.10104310860007
23,P10,double_dqn_055,double_dqn,1000000,"epsilon=1.0->0.05 linear (80%), gamma=1.0, batch_size=64, decks=6, gradient_clip=10.0, hidden_size=256, learning_rate=0.001, learning_starts=1000, replay_capacity=100000, target_update_interval=1000, train_frequency=4",5,-0.052666,-0.05819393182389219,-0.04713806817610781,0.42670199999999997,1002.2018395781997
24,P07,double_dqn_043,double_dqn,1000000,"epsilon=1.0->0.05 linear (80%), gamma=1.0, batch_size=64, decks=6, gradient_clip=10.0, hidden_size=128, learning_rate=0.0003, learning_starts=1000, replay_capacity=100000, target_update_interval=1000, train_frequency=4",5,-0.052708,-0.05759710361256539,-0.047818896387434605,0.42649,517.9178916553999
25,P13,double_dqn_031,double_dqn,1000000,"epsilon=1.0->0.1 linear (80%), gamma=1.0, batch_size=64, decks=6, gradient_clip=10.0, hidden_size=128, learning_rate=0.001, learning_starts=1000, replay_capacity=100000, target_update_interval=1000, train_frequency=4",5,-0.052832,-0.05735769644832704,-0.04830630355167295,0.426192,563.4296555106
26,P07,double_dqn_040,double_dqn,100000,"epsilon=1.0->0.05 linear (80%), gamma=1.0, batch_size=64, decks=6, gradient_clip=10.0, hidden_size=128, learning_rate=0.0003, learning_starts=1000, replay_capacity=100000, target_update_interval=1000, train_frequency=4",5,-0.053136,-0.0583343013434775,-0.047937698656522504,0.426524,47.3942310800001
27,P03,double_dqn_000,double_dqn,100000,"epsilon=1.0->0.01 linear (50%), gamma=1.0, batch_size=64, decks=6, gradient_clip=10.0, hidden_size=128, learning_rate=0.001, learning_starts=1000, replay_capacity=100000, target_update_interval=1000, train_frequency=4",5,-0.053156,-0.05796389078677958,-0.04834810921322042,0.426506,52.1734404368
28,P14,double_dqn_009,double_dqn,200000,"epsilon=1.0->0.01 linear (100%), gamma=1.0, batch_size=64, decks=6, gradient_clip=10.0, hidden_size=128, learning_rate=0.001, learning_starts=1000, replay_capacity=100000, target_update_interval=1000, train_frequency=4",5,-0.053169999999999995,-0.05989700725493885,-0.04644299274506114,0.427742,101.51473038860004
29,P13,double_dqn_028,double_dqn,100000,"epsilon=1.0->0.1 linear (80%), gamma=1.0, batch_size=64, decks=6, gradient_clip=10.0, hidden_size=128, learning_rate=0.001, learning_starts=1000, replay_capacity=100000, target_update_interval=1000, train_frequency=4",5,-0.053226,-0.05851971508504189,-0.047932284914958115,0.426238,49.28907929200068
30,P09,double_dqn_047,double_dqn,1000000,"epsilon=1.0->0.05 linear (80%), gamma=1.0, batch_size=64, decks=6, gradient_clip=10.0, hidden_size=256, learning_rate=0.0003, learning_starts=1000, replay_capacity=100000, target_update_interval=1000, train_frequency=4",5,-0.053472,-0.05657760376455207,-0.050366396235447926,0.426216,882.8320745824003
31,P12,double_dqn_049,double_dqn,200000,"epsilon=1.0->0.05 linear (80%), gamma=1.0, batch_size=64, decks=6, gradient_clip=10.0, hidden_size=64, learning_rate=0.001, learning_starts=1000, replay_capacity=100000, target_update_interval=1000, train_frequency=4",5,-0.053744,-0.058862222423615454,-0.048625777576384546,0.425632,85.92761820239976
32,P01,double_dqn_061,double_dqn,200000,"epsilon=1.0->0.05 linear (80%), gamma=1.0, batch_size=128, decks=6, gradient_clip=10.0, hidden_size=128, learning_rate=0.0003, learning_starts=1000, replay_capacity=100000, target_update_interval=1000, train_frequency=4",5,-0.053776,-0.057542279614898495,-0.0500097203851015,0.425832,146.34375607399997
33,P02,double_dqn_057,double_dqn,200000,"epsilon=1.0->0.05 linear (80%), gamma=1.0, batch_size=128, decks=6, gradient_clip=10.0, hidden_size=128, learning_rate=0.001, learning_starts=1000, replay_capacity=100000, target_update_interval=1000, train_frequency=4",5,-0.053834,-0.056294128727038484,-0.051373871272961516,0.42691,153.17024867879954
34,P11,double_dqn_037,double_dqn,200000,"epsilon=1.0->0.05 linear (80%), gamma=1.0, batch_size=64, decks=6, gradient_clip=10.0, hidden_size=64, learning_rate=0.0003, learning_starts=1000, replay_capacity=100000, target_update_interval=1000, train_frequency=4",5,-0.053948,-0.058828968288198565,-0.04906703171180144,0.425428,84.52007271600014
35,P03,double_dqn_001,double_dqn,200000,"epsilon=1.0->0.01 linear (50%), gamma=1.0, batch_size=64, decks=6, gradient_clip=10.0, hidden_size=128, learning_rate=0.001, learning_starts=1000, replay_capacity=100000, target_update_interval=1000, train_frequency=4",5,-0.053956,-0.06291258796158447,-0.04499941203841552,0.427008,107.888971197
36,P13,double_dqn_029,double_dqn,200000,"epsilon=1.0->0.1 linear (80%), gamma=1.0, batch_size=64, decks=6, gradient_clip=10.0, hidden_size=128, learning_rate=0.001, learning_starts=1000, replay_capacity=100000, target_update_interval=1000, train_frequency=4",5,-0.054079999999999996,-0.06083192832544895,-0.04732807167455104,0.42673,102.41823952159976
37,P07,double_dqn_041,double_dqn,200000,"epsilon=1.0->0.05 linear (80%), gamma=1.0, batch_size=64, decks=6, gradient_clip=10.0, hidden_size=128, learning_rate=0.0003, learning_starts=1000, replay_capacity=100000, target_update_interval=1000, train_frequency=4",5,-0.05409,-0.057346762800082315,-0.05083323719991768,0.42604,97.65437661220058
38,P13,double_dqn_030,double_dqn,500000,"epsilon=1.0->0.1 linear (80%), gamma=1.0, batch_size=64, decks=6, gradient_clip=10.0, hidden_size=128, learning_rate=0.001, learning_starts=1000, replay_capacity=100000, target_update_interval=1000, train_frequency=4",5,-0.05449,-0.06060683311526479,-0.048373166884735204,0.426294,271.3165386261997
39,P04,double_dqn_014,double_dqn,500000,"epsilon=1.0->0.05 linear (50%), gamma=1.0, batch_size=64, decks=6, gradient_clip=10.0, hidden_size=128, learning_rate=0.001, learning_starts=1000, replay_capacity=100000, target_update_interval=1000, train_frequency=4",5,-0.054598,-0.061759404967630306,-0.047436595032369695,0.425858,282.53428064319996
40,P09,double_dqn_046,double_dqn,500000,"epsilon=1.0->0.05 linear (80%), gamma=1.0, batch_size=64, decks=6, gradient_clip=10.0, hidden_size=256, learning_rate=0.0003, learning_starts=1000, replay_capacity=100000, target_update_interval=1000, train_frequency=4",5,-0.054606,-0.05874992672637922,-0.05046207327362078,0.425512,416.0458172653998
41,P09,double_dqn_045,double_dqn,200000,"epsilon=1.0->0.05 linear (80%), gamma=1.0, batch_size=64, decks=6, gradient_clip=10.0, hidden_size=256, learning_rate=0.0003, learning_starts=1000, replay_capacity=100000, target_update_interval=1000, train_frequency=4",5,-0.054656,-0.06106542356796616,-0.048246576432033846,0.425788,150.02805079919963
42,P04,double_dqn_012,double_dqn,100000,"epsilon=1.0->0.05 linear (50%), gamma=1.0, batch_size=64, decks=6, gradient_clip=10.0, hidden_size=128, learning_rate=0.001, learning_starts=1000, replay_capacity=100000, target_update_interval=1000, train_frequency=4",5,-0.054658,-0.058395131542560416,-0.05092086845743958,0.426734,50.76906070500017
43,P11,double_dqn_036,double_dqn,100000,"epsilon=1.0->0.05 linear (80%), gamma=1.0, batch_size=64, decks=6, gradient_clip=10.0, hidden_size=64, learning_rate=0.0003, learning_starts=1000, replay_capacity=100000, target_update_interval=1000, train_frequency=4",5,-0.054786,-0.05764343935886661,-0.051928560641133395,0.42560200000000004,41.96976523240009
44,P14,double_dqn_010,double_dqn,500000,"epsilon=1.0->0.01 linear (100%), gamma=1.0, batch_size=64, decks=6, gradient_clip=10.0, hidden_size=128, learning_rate=0.001, learning_starts=1000, replay_capacity=100000, target_update_interval=1000, train_frequency=4",5,-0.054918,-0.06053057695879531,-0.04930542304120469,0.4265,268.33173197020005
45,P02,double_dqn_059,double_dqn,1000000,"epsilon=1.0->0.05 linear (80%), gamma=1.0, batch_size=128, decks=6, gradient_clip=10.0, hidden_size=128, learning_rate=0.001, learning_starts=1000, replay_capacity=100000, target_update_interval=1000, train_frequency=4",5,-0.054976000000000004,-0.05878962111301057,-0.051162378886989435,0.426124,775.988443713601
46,P05,double_dqn_026,double_dqn,500000,"epsilon=1.0->0.1 linear (50%), gamma=1.0, batch_size=64, decks=6, gradient_clip=10.0, hidden_size=128, learning_rate=0.001, learning_starts=1000, replay_capacity=100000, target_update_interval=1000, train_frequency=4",5,-0.055004000000000004,-0.06208804738956482,-0.04791995261043519,0.424326,284.95812257399973
47,P12,double_dqn_048,double_dqn,100000,"epsilon=1.0->0.05 linear (80%), gamma=1.0, batch_size=64, decks=6, gradient_clip=10.0, hidden_size=64, learning_rate=0.001, learning_starts=1000, replay_capacity=100000, target_update_interval=1000, train_frequency=4",5,-0.05504,-0.06127359812499972,-0.04880640187500028,0.42515000000000003,42.44232996260034
48,P01,double_dqn_062,double_dqn,500000,"epsilon=1.0->0.05 linear (80%), gamma=1.0, batch_size=128, decks=6, gradient_clip=10.0, hidden_size=128, learning_rate=0.0003, learning_starts=1000, replay_capacity=100000, target_update_interval=1000, train_frequency=4",5,-0.055088,-0.05953935979296214,-0.050636640207037856,0.425464,367.1558257035998
49,P02,double_dqn_058,double_dqn,500000,"epsilon=1.0->0.05 linear (80%), gamma=1.0, batch_size=128, decks=6, gradient_clip=10.0, hidden_size=128, learning_rate=0.001, learning_starts=1000, replay_capacity=100000, target_update_interval=1000, train_frequency=4",5,-0.055098,-0.05780290225893654,-0.05239309774106346,0.42657,384.70911772399995
50,P16,double_dqn_033,double_dqn,200000,"epsilon=1.0->0.1 linear (100%), gamma=1.0, batch_size=64, decks=6, gradient_clip=10.0, hidden_size=128, learning_rate=0.001, learning_starts=1000, replay_capacity=100000, target_update_interval=1000, train_frequency=4",5,-0.055174,-0.05967181609690748,-0.050676183903092524,0.42594,106.11569989099989
51,P14,double_dqn_008,double_dqn,100000,"epsilon=1.0->0.01 linear (100%), gamma=1.0, batch_size=64, decks=6, gradient_clip=10.0, hidden_size=128, learning_rate=0.001, learning_starts=1000, replay_capacity=100000, target_update_interval=1000, train_frequency=4",5,-0.055352,-0.05951943844854366,-0.051184561551456335,0.425364,48.219342105800024
52,P08,double_dqn_016,double_dqn,100000,"epsilon=1.0->0.05 linear (80%), gamma=1.0, batch_size=64, decks=6, gradient_clip=10.0, hidden_size=128, learning_rate=0.001, learning_starts=1000, replay_capacity=100000, target_update_interval=1000, train_frequency=4",5,-0.05545,-0.059832772123667846,-0.05106722787633215,0.426586,49.10725806859991
53,P05,double_dqn_025,double_dqn,200000,"epsilon=1.0->0.1 linear (50%), gamma=1.0, batch_size=64, decks=6, gradient_clip=10.0, hidden_size=128, learning_rate=0.001, learning_starts=1000, replay_capacity=100000, target_update_interval=1000, train_frequency=4",5,-0.055541999999999994,-0.06207552821975997,-0.049008471780240016,0.425002,106.30357222279981
54,P01,double_dqn_063,double_dqn,1000000,"epsilon=1.0->0.05 linear (80%), gamma=1.0, batch_size=128, decks=6, gradient_clip=10.0, hidden_size=128, learning_rate=0.0003, learning_starts=1000, replay_capacity=100000, target_update_interval=1000, train_frequency=4",5,-0.055686,-0.05987669634614583,-0.05149530365385417,0.425298,744.4578239089999
55,P06,double_dqn_007,double_dqn,1000000,"epsilon=1.0->0.01 linear (80%), gamma=1.0, batch_size=64, decks=6, gradient_clip=10.0, hidden_size=128, learning_rate=0.001, learning_starts=1000, replay_capacity=100000, target_update_interval=1000, train_frequency=4",5,-0.055948,-0.061379111547961426,-0.05051688845203857,0.424486,559.6910665949999
56,P02,double_dqn_056,double_dqn,100000,"epsilon=1.0->0.05 linear (80%), gamma=1.0, batch_size=128, decks=6, gradient_clip=10.0, hidden_size=128, learning_rate=0.001, learning_starts=1000, replay_capacity=100000, target_update_interval=1000, train_frequency=4",5,-0.056238,-0.06127718782567192,-0.05119881217432809,0.425422,71.84188593479993
57,P16,double_dqn_035,double_dqn,1000000,"epsilon=1.0->0.1 linear (100%), gamma=1.0, batch_size=64, decks=6, gradient_clip=10.0, hidden_size=128, learning_rate=0.001, learning_starts=1000, replay_capacity=100000, target_update_interval=1000, train_frequency=4",5,-0.056294000000000004,-0.06467688952531286,-0.04791111047468715,0.424318,547.3756001519996
58,P05,double_dqn_027,double_dqn,1000000,"epsilon=1.0->0.1 linear (50%), gamma=1.0, batch_size=64, decks=6, gradient_clip=10.0, hidden_size=128, learning_rate=0.001, learning_starts=1000, replay_capacity=100000, target_update_interval=1000, train_frequency=4",5,-0.056444,-0.06216634612808418,-0.05072165387191582,0.42512,570.1457188588005
59,P05,double_dqn_024,double_dqn,100000,"epsilon=1.0->0.1 linear (50%), gamma=1.0, batch_size=64, decks=6, gradient_clip=10.0, hidden_size=128, learning_rate=0.001, learning_starts=1000, replay_capacity=100000, target_update_interval=1000, train_frequency=4",5,-0.056999999999999995,-0.06450157065900201,-0.049498429340997976,0.42471000000000003,50.46997178459988
60,P08,double_dqn_017,double_dqn,200000,"epsilon=1.0->0.05 linear (80%), gamma=1.0, batch_size=64, decks=6, gradient_clip=10.0, hidden_size=128, learning_rate=0.001, learning_starts=1000, replay_capacity=100000, target_update_interval=1000, train_frequency=4",5,-0.057118,-0.06124775023244748,-0.05298824976755252,0.424284,102.79736253259998
61,P04,double_dqn_013,double_dqn,200000,"epsilon=1.0->0.05 linear (50%), gamma=1.0, batch_size=64, decks=6, gradient_clip=10.0, hidden_size=128, learning_rate=0.001, learning_starts=1000, replay_capacity=100000, target_update_interval=1000, train_frequency=4",5,-0.057554,-0.06528056412602652,-0.04982743587397348,0.423998,106.45809037920007
62,P10,double_dqn_053,double_dqn,200000,"epsilon=1.0->0.05 linear (80%), gamma=1.0, batch_size=64, decks=6, gradient_clip=10.0, hidden_size=256, learning_rate=0.001, learning_starts=1000, replay_capacity=100000, target_update_interval=1000, train_frequency=4",5,-0.058056,-0.06317269853339046,-0.05293930146660955,0.423518,174.24604481539865
63,P06,double_dqn_004,double_dqn,100000,"epsilon=1.0->0.01 linear (80%), gamma=1.0, batch_size=64, decks=6, gradient_clip=10.0, hidden_size=128, learning_rate=0.001, learning_starts=1000, replay_capacity=100000, target_update_interval=1000, train_frequency=4",5,-0.058088,-0.06439984031534385,-0.051776159684656146,0.424478,49.39658248280007
64,P15,double_dqn_021,double_dqn,200000,"epsilon=1.0->0.05 linear (100%), gamma=1.0, batch_size=64, decks=6, gradient_clip=10.0, hidden_size=128, learning_rate=0.001, learning_starts=1000, replay_capacity=100000, target_update_interval=1000, train_frequency=4",5,-0.060406,-0.06802353590248185,-0.052788464097518153,0.423232,100.95412564540001
